zon_id,lon,lat
Z0001,19.988763,60.019276000000005
Z0002,19.994548954545454,60.01813277272727
Z0003,20.0025008,60.018243
Z0004,20.12355675,60.0174795
Z0005,20.128957319999998,60.017928600000005
Z0006,20.13794532,60.017928600000005
Z0007,20.145005,60.01780028571428
Z0008,19.9785015,60.0248905
Z0009,19.985552407407408,60.023085555555554
Z0010,19.9942058,60.02286933333333
Z0011,20.003195166666668,60.02286933333333
Z0012,20.010007857142856,60.02331842857143
Z0013,20.130447,60.0208036
Z0014,20.1380025,60.021073
Z0015,20.143387,60.020624
Z0016,20.57177811111111,60.02471588888889
Z0017,20.578212200000003,60.0247558
Z0018,19.9701814,60.0279896
Z0019,19.976286899999998,60.02736075
Z0020,19.985277250000003,60.02736075
Z0021,19.9942679,60.02736075
Z0022,20.0032584,60.02736075
Z0023,20.010285636363637,60.027238272727274
Z0024,20.56530242857143,60.02755328571429
Z0025,20.57146105,60.02736075
Z0026,20.580055277777777,60.027460555555564
Z0027,19.970227299999998,60.0314932
Z0028,19.9763464,60.0318525
Z0029,19.98485076923077,60.03161065384616
Z0030,19.993531714285716,60.02986357142857
Z0031,20.003294875,60.02994375
Z0032,20.008685,60.029607
Z0033,20.548292,60.034098
Z0034,20.554046954545456,60.03250577272727
Z0035,20.562817518518518,60.032101999999995
Z0036,20.57166127586207,60.031775068965516
Z0037,20.57943752631579,60.03121426315789
Z0038,19.9772875,60.034997
Z0039,19.981784,60.034997
Z0040,20.548346666666664,60.035895000000004
Z0041,20.5537563,60.036344
Z0042,20.56274925,60.036344
Z0043,20.568131,60.035895000000004
Z0044,19.969067625,60.042519750000004
Z0045,19.976227857142856,60.04224714285714
Z0046,19.9818865,60.042632
Z0047,20.167458749999998,60.04165891666667
Z0048,20.17434167857143,60.04099589285715
Z0049,20.18155223076923,60.04176830769231
Z0050,20.4375639375,60.0420145
Z0051,20.4454343125,60.0420145
Z0052,20.451423,60.043081
Z0053,20.482768571428572,60.04282442857143
Z0054,20.489200999999998,60.043081
Z0055,20.52770608333333,60.042332666666674
Z0056,20.535136636363635,60.04242790909091
Z0057,20.55466318181818,60.03924309090908
Z0058,20.56202163636364,60.03924309090908
Z0059,19.967931166666666,60.04542705555556
Z0060,19.9765256,60.04532725
Z0061,19.9828225,60.04532725
Z0062,20.167389999999997,60.045204727272726
Z0063,20.174425149999998,60.04532725
Z0064,20.182133,60.04519892857143
Z0065,20.43169475,60.04532725
Z0066,20.437092,60.04532725
Z0067,20.4460874,60.04532725
Z0068,20.4514845,60.04532725
Z0069,20.476080833333334,60.045626666666664
Z0070,20.482069250000002,60.04532725
Z0071,20.490667944444443,60.04542705555556
Z0072,20.52164925,60.04532725
Z0073,20.5270465,60.04532725
Z0074,20.536041750000003,60.04532725
Z0075,20.541452666666668,60.04577633333333
Z0076,19.96041425,60.051615
Z0077,19.96785837037037,60.05006814814815
Z0078,19.9761484,60.04944144
Z0079,19.9826822,60.048291600000006
Z0080,20.1681715,60.047573
Z0081,20.174477200000002,60.048022
Z0082,20.180471666666666,60.04787233333334
Z0083,20.43771405882353,60.04873552941177
Z0084,20.445652,60.04873552941177
Z0085,20.451547,60.047573
Z0086,20.475997714285715,60.048728
Z0087,20.482319620689655,60.049741241379316
Z0088,20.49058270833333,60.049407
Z0089,20.5217295,60.048022
Z0090,20.52757040909091,60.04916545454546
Z0091,20.53572666666667,60.0490701904762
Z0092,19.958785071428572,60.05488771428571
Z0093,19.966252,60.05465959259259
Z0094,19.97411382352941,60.055023588235294
Z0095,19.959297000000003,60.05805316666667
Z0096,19.965905749999997,60.05880175
Z0097,19.9730991,60.0583526
Z0098,20.049112222222224,60.059749888888895
Z0099,20.056213333333332,60.05984966666667
Z0100,20.51187416666667,60.059550333333334
Z0101,20.51845135,60.05880175
Z0102,20.52526111111111,60.05915111111111
Z0103,19.9509785,60.064491000000004
Z0104,19.957120458333332,60.06381725
Z0105,19.9647374375,60.064135375
Z0106,20.025393,60.06509
Z0107,20.031082166666668,60.064341222222225
Z0108,20.040185318181816,60.063905727272726
Z0109,20.048767033333334,60.063293333333334
Z0110,20.057644620689654,60.063370758620685
Z0111,20.06696332142857,60.06345371428571
Z0112,20.075040454545455,60.06382409090909
Z0113,20.085208615384616,60.06477892307692
Z0114,20.09418890909091,60.06394654545454
Z0115,20.102371318181817,60.06394654545454
Z0116,20.111946833333334,60.06486533333333
Z0117,20.117803666666664,60.06523966666666
Z0118,20.2586884,60.064820399999995
Z0119,20.264936833333334,60.06381725
Z0120,20.272843470588235,60.06421794117647
Z0121,20.511602875,60.06306875
Z0122,20.518584833333332,60.063293333333334
Z0123,20.526376904761907,60.063015285714286
Z0124,19.950003000000002,60.068054200000006
Z0125,19.95702085,60.06778475
Z0126,19.965386,60.06770547058824
Z0127,20.024532625,60.06778475
Z0128,20.0308337,60.06778475
Z0129,20.0398352,60.06778475
Z0130,20.048944,60.0674479375
Z0131,20.05807233333333,60.06739553333333
Z0132,20.066839899999998,60.06778475
Z0133,20.075841450000002,60.06778475
Z0134,20.08484305,60.06778475
Z0135,20.09384465,60.06778475
Z0136,20.10284625,60.06778475
Z0137,20.1118478,60.06778475
Z0138,20.12084935,60.06778475
Z0139,20.129136666666668,60.06811413333333
Z0140,20.138274166666665,60.06898233333334
Z0141,20.15148,60.069132
Z0142,20.15713314285714,60.068875428571424
Z0143,20.1658828,60.069132
Z0144,20.258573249999998,60.06778475
Z0145,20.26487435,60.06778475
Z0146,20.273473555555555,60.067684944444444
Z0147,20.513278,60.066437
Z0148,20.518688375,60.066774125
Z0149,20.524079,60.066437
Z0150,19.94019180952381,60.072682857142865
Z0151,19.9480752,60.0722765
Z0152,19.956953586206897,60.072261000000005
Z0153,19.963664666666666,60.07107883333333
Z0154,20.022593076923076,60.07244923076923
Z0155,20.02943621875,60.072164218750004
Z0156,20.038424071428572,60.07224442857143
Z0157,20.06724196296296,60.07206025925926
Z0158,20.0759148,60.0722765
Z0159,20.084917566666665,60.0722765
Z0160,20.093920400000002,60.0722765
Z0161,20.10271885185185,60.072027
Z0162,20.11205842307692,60.071931038461535
Z0163,20.120928733333336,60.0722765
Z0164,20.129931499999998,60.0722765
Z0165,20.1389344,60.0722765
Z0166,20.148007777777778,60.07249274074074
Z0167,20.1569399,60.0722765
Z0168,20.165942700000002,60.0722765
Z0169,20.1749455,60.0722765
Z0170,20.18395704,60.072725600000005
Z0171,20.19271931818182,60.07297059090909
Z0172,20.201446058823528,60.07335970588235
Z0173,20.2114525,60.074522
Z0174,20.21910575,60.074522
Z0175,20.2506075,60.074073
Z0176,20.256556863636362,60.07288895454546
Z0177,20.264973366666666,60.0722765
Z0178,20.27137971428571,60.07118571428571
Z0179,19.9337245,60.076768
Z0180,19.939127050000003,60.076767999999994
Z0181,19.9481312,60.076767999999994
Z0182,19.9571351,60.076767999999994
Z0183,19.964342181818182,60.07705372727273
Z0184,20.022126,60.07664554545454
Z0185,20.02916725,60.076767999999994
Z0186,20.037270875,60.076768
Z0187,20.070564,60.075421
Z0188,20.076568833333333,60.075570666666664
Z0189,20.0849771,60.075869999999995
Z0190,20.093981,60.075869999999995
Z0191,20.099376,60.075421
Z0192,20.121993666666665,60.07591988888888
Z0193,20.130200473684212,60.07669710526316
Z0194,20.13901625,60.076767999999994
Z0195,20.14842746153846,60.076319
Z0196,20.15702425,60.076767999999994
Z0197,20.16602825,60.076767999999994
Z0198,20.1750323,60.076767999999994
Z0199,20.1840363,60.076767999999994
Z0200,20.1930403,60.076767999999994
Z0201,20.20204435,60.076767999999994
Z0202,20.2110484,60.076767999999994
Z0203,20.22005235,60.076767999999994
Z0204,20.228868368421054,60.07683889473683
Z0205,20.234923000000002,60.0774415
Z0206,20.250666,60.076768
Z0207,20.2560685,60.076767999999994
Z0208,20.2650724,60.076767999999994
Z0209,20.271082,60.07706733333333
Z0210,19.9248,60.083505
Z0211,19.930808739130434,60.08174769565217
Z0212,19.939181566666665,60.0812595
Z0213,19.948186966666665,60.0812595
Z0214,19.9571924,60.0812595
Z0215,19.965940214285716,60.0812595
Z0216,20.02184073684211,60.08128315789474
Z0217,20.029234266666666,60.0812595
Z0218,20.036438444444443,60.0812595
Z0219,20.137256,60.079014
Z0220,20.166674166666667,60.079163666666666
Z0221,20.1750845,60.079463
Z0222,20.184510846153845,60.07977384615385
Z0223,20.19342505882353,60.0801234117647
Z0224,20.201794352941175,60.0801234117647
Z0225,20.21126275862069,60.08118206896552
Z0226,20.22014526666667,60.0812595
Z0227,20.229150533333332,60.0812595
Z0228,20.23796088888889,60.081509000000004
Z0229,20.24689652631579,60.08218142105263
Z0230,20.2561663,60.0812595
Z0231,20.2651716,60.0812595
Z0232,20.271015249999998,60.080810375
Z0233,19.924820666666665,60.08530199999999
Z0234,19.93023,60.08575125
Z0235,19.9392366,60.08575125
Z0236,19.948242999999998,60.08575125
Z0237,19.95724945,60.08575125
Z0238,19.965854333333333,60.08565144444444
Z0239,20.021327714285714,60.086007928571426
Z0240,20.0293013,60.08575125
Z0241,20.035894666666668,60.08500266666667
Z0242,20.214807,60.084404
Z0243,20.220814,60.084553666666665
Z0244,20.22977076470588,60.08556629411765
Z0245,20.238251249999998,60.08575125
Z0246,20.24725775,60.08575125
Z0247,20.2562642,60.08575125
Z0248,20.26473682352941,60.08556629411765
Z0249,20.270645,60.084404
Z0250,20.521095,60.087099
Z0251,20.5270295,60.086031937499996
Z0252,20.53450853846154,60.08620038461538
Z0253,19.922608631578946,60.09069178947369
Z0254,19.930283566666667,60.09024266666667
Z0255,19.939291233333332,60.09024266666667
Z0256,19.948298966666666,60.09024266666667
Z0257,19.9573066,60.09024266666667
Z0258,19.963699777777776,60.08929455555555
Z0259,20.01346625,60.091066000000005
Z0260,20.0203605,60.09024266666667
Z0261,20.029368233333333,60.09024266666667
Z0262,20.034773,60.09024275
Z0263,20.231461200000002,60.0883562
Z0264,20.23805942857143,60.088831142857146
Z0265,20.24875757142857,60.08966514285714
Z0266,20.256362133333333,60.09024266666667
Z0267,20.265041,60.09045892592593
Z0268,20.270824,60.092488
Z0269,20.52118833333333,60.09024266666666
Z0270,20.5265931,60.09024266666667
Z0271,20.5356007,60.09024266666667
Z0272,20.540978,60.089344499999996
Z0273,19.921482625,60.09510854166667
Z0274,19.9303424,60.095183399999996
Z0275,19.93935144,60.095183399999996
Z0276,19.9483606,60.095183399999996
Z0277,19.955818642857142,60.094670071428574
Z0278,20.006037499999998,60.096531
Z0279,20.011738913043477,60.09530056521739
Z0280,20.02043288,60.095183399999996
Z0281,20.028270588235294,60.094813529411766
Z0282,20.250757833333335,60.094884
Z0283,20.25646992,60.095183399999996
Z0284,20.26547908,60.095183399999996
Z0285,20.27156725,60.09552025
Z0286,20.527099777777778,60.09378611111111
Z0287,20.534420714285716,60.09377185714286
Z0288,19.896167000000002,60.100573
Z0289,19.901573,60.100573
Z0290,19.922462066666665,60.099255666666664
Z0291,19.93039065,60.099225749999995
Z0292,19.939400499999998,60.099225749999995
Z0293,19.9484109,60.099225749999995
Z0294,20.005301,60.09903328571428
Z0295,20.01148215,60.099225749999995
Z0296,20.02049225,60.099225749999995
Z0297,20.025878,60.097878
Z0298,20.25708417647059,60.09904082352941
Z0299,20.265376894736843,60.09915484210526
Z0300,20.270954,60.098327499999996
Z0301,20.518794,60.100573
Z0302,19.88900633333333,60.10506466666667
Z0303,19.89452379310345,60.103794758620694
Z0304,19.903286620689652,60.103794758620694
Z0305,19.912242736842103,60.10468642105263
Z0306,19.921989,60.103855538461545
Z0307,19.930444233333333,60.10371733333333
Z0308,19.939455566666666,60.10371733333333
Z0309,19.94846696666667,60.10371733333333
Z0310,20.00516427272727,60.104248090909095
Z0311,20.0115466,60.10371733333333
Z0312,20.0198384,60.103807159999995
Z0313,20.260211,60.101472
Z0314,20.26650590909091,60.104574818181824
Z0315,20.274453,60.10512885714286
Z0316,20.280136,60.105963
Z0317,20.511028866666667,60.104106533333336
Z0318,20.517986233333332,60.10371733333333
Z0319,20.5256553,60.10403169999999
Z0320,19.878595400000002,60.10919679999999
Z0321,19.885558933333336,60.108598066666666
Z0322,19.894447300000003,60.108208749999996
Z0323,19.9034599,60.108208749999996
Z0324,19.9124725,60.108208749999996
Z0325,19.921485049999998,60.108208749999996
Z0326,19.93049775,60.108208749999996
Z0327,19.939510300000002,60.108208749999996
Z0328,19.948332368421053,60.108137842105265
Z0329,19.97631983333333,60.10880766666667
Z0330,19.98416546153846,60.10879615384616
Z0331,19.997203499999998,60.109106999999995
Z0332,20.00259865,60.108208749999996
Z0333,20.011611249999998,60.108208749999996
Z0334,20.0197225625,60.10820875
Z0335,20.25856657142857,60.108658
Z0336,20.265510714285718,60.108272904761904
Z0337,20.2747794,60.108208749999996
Z0338,20.281828454545455,60.10833127272727
Z0339,20.51130011111111,60.10785944444444
Z0340,20.51811995,60.108208749999996
Z0341,20.525473416666667,60.10798416666666
Z0342,19.862068,60.114946
Z0343,19.868111857142857,60.11404792857143
Z0344,19.876663107142857,60.11286089285714
Z0345,19.885482200000002,60.112700499999995
Z0346,19.893785695652173,60.11225134782609
Z0347,19.90422305,60.11198184999999
Z0348,19.912523633333333,60.112700499999995
Z0349,19.9215376,60.112700499999995
Z0350,19.93055136666667,60.112700499999995
Z0351,19.939565166666668,60.112700499999995
Z0352,19.948579066666664,60.112700499999995
Z0353,19.95738184,60.11311368
Z0354,19.966612559999998,60.1131496
Z0355,19.975620533333334,60.112700499999995
Z0356,19.984634433333333,60.112700499999995
Z0357,19.993636363636366,60.11184309090909
Z0358,20.00266206666667,60.112700499999995
Z0359,20.011675866666668,60.112700499999995
Z0360,20.0183331,60.1118022
Z0361,20.249082333333334,60.114646666666665
Z0362,20.25563312,60.11300592
Z0363,20.2640634,60.112700499999995
Z0364,20.273072,60.11246820689656
Z0365,20.28068476923077,60.11183676923077
Z0366,20.29256145,60.11332925000001
Z0367,20.300525695652173,60.11334491304348
Z0368,20.30647,60.114497
Z0369,20.5181866,60.110455
Z0370,19.852182499999998,60.118089999999995
Z0371,19.858804941176473,60.11742970588235
Z0372,19.8674995,60.117192
Z0373,19.8765146,60.117192
Z0374,19.885339,60.11712110526315
Z0375,19.891528333333333,60.11614433333333
Z0376,19.9129755,60.117191999999996
Z0377,19.92158995,60.117192
Z0378,19.930605,60.117192
Z0379,19.93962025,60.117192
Z0380,19.94863515,60.117192
Z0381,19.95765005,60.117192
Z0382,19.96666525,60.117192
Z0383,19.975194866666666,60.11686273333333
Z0384,19.983963,60.116383799999994
Z0385,19.997322666666665,60.117641
Z0386,20.0027255,60.117192
Z0387,20.0117405,60.117192
Z0388,20.017149500000002,60.117192
Z0389,20.2407425,60.118089999999995
Z0390,20.246323631578946,60.11726289473684
Z0391,20.2551475,60.117192
Z0392,20.26416255,60.117192
Z0393,20.270340428571426,60.116999571428565
Z0394,20.285809,60.117641
Z0395,20.29120765,60.117192
Z0396,20.3002227,60.117192
Z0397,20.306399714285714,60.116999571428565
Z0398,19.851315222222222,60.1216835
Z0399,19.858528200000002,60.1216835
Z0400,19.86734967857143,60.121523107142856
Z0401,19.875849777777777,60.120735333333336
Z0402,19.8833934,60.11979720000001
Z0403,19.898215,60.123031
Z0404,19.903959884615386,60.12199442307693
Z0405,19.912626,60.1216835
Z0406,19.921642333333335,60.1216835
Z0407,19.930658633333334,60.1216835
Z0408,19.9396749,60.1216835
Z0409,19.948691166666666,60.1216835
Z0410,19.957707533333334,60.1216835
Z0411,19.966723766666668,60.1216835
Z0412,19.97545712,60.12209668
Z0413,19.98530835,60.12249195
Z0414,19.993581678571427,60.12184389285714
Z0415,20.002495120000003,60.12130624
Z0416,20.01143235,60.12083015
Z0417,20.0171885,60.119887000000006
Z0418,20.240126125,60.1208975
Z0419,20.246229033333336,60.1216835
Z0420,20.255245366666667,60.1216835
Z0421,20.264261666666666,60.1216835
Z0422,20.270487222222222,60.12233222222223
Z0423,20.29181611764706,60.12060029411765
Z0424,20.300002055555556,60.1206355
Z0425,20.3056945,60.119887000000006
Z0426,19.840848666666666,60.127373166666665
Z0427,19.850275,60.126085599999996
Z0428,19.858824642857144,60.12566185714286
Z0429,19.864573333333336,60.12512733333333
Z0430,19.898244000000002,60.12572600000001
Z0431,19.9036598,60.126175249999996
Z0432,19.9126772,60.126175249999996
Z0433,19.9216947,60.126175249999996
Z0434,19.9307123,60.126175249999996
Z0435,19.9397297,60.126175249999996
Z0436,19.9487473,60.126175249999996
Z0437,19.955955699999997,60.125726099999994
Z0438,19.966971315789475,60.126104315789476
Z0439,19.97579985,60.126175249999996
Z0440,19.98481745,60.126175249999996
Z0441,19.99383495,60.126175249999996
Z0442,20.000015714285716,60.12598271428572
Z0443,20.2471985,60.124828
Z0444,20.2561286875,60.1260068125
Z0445,20.26436085,60.126175249999996
Z0446,20.270478599999997,60.1255464
Z0447,19.83434890909091,60.13087081818182
Z0448,19.840578333333333,60.13066666666667
Z0449,19.848771875,60.130816374999995
Z0450,19.905385333333335,60.129978
Z0451,19.91272843333333,60.13066666666667
Z0452,19.921747166666666,60.13066666666667
Z0453,19.93076596666667,60.13066666666667
Z0454,19.9397847,60.13066666666667
Z0455,19.948014086956523,60.13025660869566
Z0456,19.968627142857144,60.12931914285714
Z0457,19.975670789473682,60.13073742105263
Z0458,19.985076777777778,60.130516777777785
Z0459,19.993470777777777,60.12882011111112
Z0460,19.999277,60.128421
Z0461,20.258098,60.128421
Z0462,20.265223142857142,60.13021742857143
Z0463,20.273519,60.132462999999994
Z0464,20.279843,60.132912
Z0465,19.83307225,60.135888125
Z0466,19.84062388,60.1356074
Z0467,19.848262764705883,60.13544888235294
Z0468,19.907352,60.133811
Z0469,19.91318923076923,60.13457084615384
Z0470,19.920787444444443,60.13430988888889
Z0471,19.931511238095236,60.135521857142855
Z0472,19.939845000000002,60.1356074
Z0473,19.94706113333333,60.1356074
Z0474,19.968989615384615,60.13581469230769
Z0475,19.97592576,60.1356074
Z0476,19.98390247368421,60.13570194736842
Z0477,20.2313982,60.1366854
Z0478,20.237660875,60.13568225
Z0479,20.244993714285716,60.13612071428571
Z0480,20.265615526315788,60.13570194736842
Z0481,20.27358916,60.1356074
Z0482,20.28067942857143,60.135735714285715
Z0483,19.8068405,60.1407725
Z0484,19.813452666666667,60.1403235
Z0485,19.819620666666665,60.14069766666666
Z0486,19.83329175,60.13942516666666
Z0487,19.84066105,60.139649750000004
Z0488,19.8475155,60.139470100000004
Z0489,19.93289625,60.139088375
Z0490,19.9398945,60.139649750000004
Z0491,19.946501,60.13890116666667
Z0492,19.961557,60.140547999999995
Z0493,19.96714905263158,60.13972068421052
Z0494,19.9759794,60.139649750000004
Z0495,19.983609384615384,60.139407923076924
Z0496,20.230735,60.139470100000004
Z0497,20.237594899999998,60.139649750000004
Z0498,20.245714,60.139649750000004
Z0499,20.266453,60.1392006
Z0500,20.27367975,60.139649750000004
Z0501,20.28027833333333,60.13890116666667
Z0502,19.805633391304347,60.14423895652175
Z0503,19.8136351,60.14414133333333
Z0504,19.820748000000002,60.1442734117647
Z0505,19.835269,60.141896
Z0506,19.8406818,60.141895999999996
Z0507,19.846095,60.141896
Z0508,19.942170333333333,60.14538888888889
Z0509,19.94897952173913,60.14474660869565
Z0510,19.95774557142857,60.14484707142857
Z0511,19.967140310344828,60.14406389655172
Z0512,19.97603923333333,60.14414133333333
Z0513,19.9838122,60.145129499999996
Z0514,19.990506,60.146387
Z0515,20.231634666666668,60.14219533333334
Z0516,20.237918142857144,60.14272985714286
Z0517,20.2442715,60.142494666666664
Z0518,19.788926714285715,60.14921028571428
Z0519,19.7956254,60.148632750000004
Z0520,19.8042874,60.14854293333333
Z0521,19.813669066666666,60.14818366666667
Z0522,19.819679333333333,60.14758466666666
Z0523,19.860827,60.14919425
Z0524,19.8678149,60.148632750000004
Z0525,19.874636555555558,60.14898211111111
Z0526,19.941809250000002,60.14863275
Z0527,19.9490282,60.148632750000004
Z0528,19.956967799999997,60.14854293333333
Z0529,19.969765,60.147285
Z0530,19.97713057142857,60.14863271428572
Z0531,19.98512285,60.148632750000004
Z0532,19.992179454545454,60.14875527272727
Z0533,19.78854582352941,60.15299241176471
Z0534,19.795660533333333,60.1531245
Z0535,19.803329400000003,60.152810099999996
Z0536,19.86074505882353,60.15299241176471
Z0537,19.867860266666664,60.1531245
Z0538,19.87517822222222,60.15292488888888
Z0539,19.94108091304348,60.15322213043478
Z0540,19.949084333333335,60.1531245
Z0541,19.95630438888889,60.153124500000004
Z0542,19.977744235294118,60.15256970588236
Z0543,19.985183966666668,60.1531245
Z0544,19.992117230769228,60.15246807692308
Z0545,20.004549714285712,60.154985142857136
Z0546,20.01188411111111,60.15497088888888
Z0547,19.79027,60.156269
Z0548,19.795688,60.156605750000004
Z0549,19.801101,60.156269
Z0550,19.862476,60.156269
Z0551,19.867895125,60.156605750000004
Z0552,19.873307,60.156269
Z0553,19.940752529411764,60.15769523529412
Z0554,19.9491406,60.157616
Z0555,19.9559981,60.15743640000001
Z0556,19.997901,60.158963
Z0557,20.0032975,60.157616
Z0558,20.0123237,60.157616
Z0559,20.0177395,60.157616000000004
Z0560,19.94116272222222,60.16130905555556
Z0561,19.94900132142857,60.16194710714286
Z0562,19.955373285714284,60.161016714285715
Z0563,19.997913,60.159862
Z0564,20.003903217391304,60.16158026086956
Z0565,20.012036807692308,60.16179657692308
Z0566,20.017785,60.16076
Z0567,19.971004999999998,60.172887
Z0568,19.976602052631577,60.17205989473685
Z0569,19.984912411764707,60.17217388235294
Z0570,19.779956199999997,60.1774688
Z0571,19.786143125,60.177491249999996
Z0572,19.970364375,60.1756945
Z0573,19.97646496,60.1760314
Z0574,19.9854962,60.1760314
Z0575,19.990933499999997,60.177379
Z0576,19.77799857894737,60.18014468421053
Z0577,19.7868402,60.18007375
Z0578,19.792864166666664,60.18037316666667
Z0579,19.950342,60.181421
Z0580,19.959242714285715,60.18116442857143
Z0581,19.9668225,60.18108425
Z0582,19.976519,60.18007375
Z0583,19.9855513,60.18007375
Z0584,19.991572833333333,60.18007383333333
Z0585,19.572479666666666,60.18621233333334
Z0586,19.579605444444447,60.18556361111111
Z0587,19.588136214285715,60.184725892857145
Z0588,19.59536446153846,60.185498307692306
Z0589,19.778386695652173,60.18403826086956
Z0590,19.78667942857143,60.18440510714286
Z0591,19.7928875,60.183367833333335
Z0592,19.942644142857144,60.18501464285714
Z0593,19.94947833333333,60.1845655
Z0594,19.958511933333334,60.1845655
Z0595,19.967545499999996,60.1845655
Z0596,19.976188210526317,60.18378542105263
Z0597,19.985031875,60.1833865
Z0598,19.991002,60.18232
Z0599,19.570475166666668,60.189156555555556
Z0600,19.57910815,60.18905675
Z0601,19.588143,60.18905675
Z0602,19.595648384615384,60.188953076923084
Z0603,19.778294769230772,60.18964415384615
Z0604,19.786462,60.1897305
Z0605,19.79444583333333,60.19010466666666
Z0606,19.8076995,60.190404
Z0607,19.813619333333335,60.19000488888889
Z0608,19.821252,60.190404
Z0609,19.942668,60.1890567
Z0610,19.94953475,60.18905675
Z0611,19.958467166666665,60.18890705555556
Z0612,19.967035875,60.1887760625
Z0613,19.973007,60.187709
Z0614,19.570076615384615,60.19261569230769
Z0615,19.57730608,60.1930994
Z0616,19.585839055555553,60.19255038888889
Z0617,19.5932068,60.191662199999996
Z0618,19.770083666666665,60.19474616666667
Z0619,19.776099266666666,60.1935485
Z0620,19.785135266666668,60.1935485
Z0621,19.7941714,60.1935485
Z0622,19.803348653846154,60.19382488461538
Z0623,19.812243433333332,60.1935485
Z0624,19.821279533333332,60.1935485
Z0625,19.828124785714287,60.19399764285714
Z0626,19.924317,60.195794
Z0627,19.93026808695652,60.19407573913043
Z0628,19.938747866666667,60.1935485
Z0629,19.947783899999997,60.1935485
Z0630,19.95565155,60.19404254999999
Z0631,19.769805875,60.198040000000006
Z0632,19.77613195,60.198040000000006
Z0633,19.785169200000002,60.198040000000006
Z0634,19.794015631578947,60.197969105263155
Z0635,19.803839333333332,60.19719188888889
Z0636,19.812280949999998,60.198040000000006
Z0637,19.821318249999997,60.198040000000006
Z0638,19.828143444444446,60.19769077777778
Z0639,19.9144175,60.199387
Z0640,19.92176464285714,60.19836071428572
Z0641,19.92976555,60.198040000000006
Z0642,19.93880275,60.198040000000006
Z0643,19.94784005,60.198040000000006
Z0644,19.95687735,60.198040000000006
Z0645,19.963709888888886,60.19838922222223
Z0646,19.759901538461538,60.20346430769231
Z0647,19.767261703703703,60.202781
Z0648,19.775484208333335,60.202194625
Z0649,19.78360875,60.200847249999995
Z0650,19.815915,60.200286
Z0651,19.821337800000002,60.20028599999999
Z0652,19.834031,60.204777
Z0653,19.84014588888889,60.20347966666667
Z0654,19.848005684210523,60.20345342105263
Z0655,19.853917,60.204777
Z0656,19.869284,60.204777
Z0657,19.875205333333334,60.204377888888885
Z0658,19.881035,60.204777
Z0659,19.912079407407404,60.20274774074074
Z0660,19.920780666666666,60.2025315
Z0661,19.929819133333336,60.2025315
Z0662,19.937424857142855,60.201504928571424
Z0663,19.948794545454547,60.20208236363636
Z0664,19.956934666666665,60.2025315
Z0665,19.9653988,60.20283692
Z0666,20.2498215,60.204328000000004
Z0667,20.255529666666668,60.2035795
Z0668,20.263548066666665,60.20375913333333
Z0669,20.273468333333334,60.2041035
Z0670,20.28257047826087,60.203136826086954
Z0671,20.290617263157895,60.20335884210527
Z0672,19.608061,60.208371
Z0673,19.61348466666667,60.20822116666667
Z0674,19.622525,60.208371
Z0675,19.628853,60.208371
Z0676,19.644221,60.208371
Z0677,19.649385857142857,60.20811414285714
Z0678,19.7594085,60.20689492857143
Z0679,19.76715755,60.20702325
Z0680,19.77438941666667,60.20702325
Z0681,19.83405175,60.20702325
Z0682,19.8394755,60.20702325
Z0683,19.84851515,60.20702325
Z0684,19.856958000000002,60.20762208333334
Z0685,19.866897333333334,60.20717294444445
Z0686,19.875634400000003,60.20702325
Z0687,19.884112,60.2073039375
Z0688,19.8940866,60.2080114
Z0689,19.90294505263158,60.20709415789473
Z0690,19.911793449999998,60.20702325
Z0691,19.92064194736842,60.20695231578947
Z0692,19.92759975,60.2059005
Z0693,19.950961833333334,60.206723833333335
Z0694,19.95699205,60.20702325
Z0695,19.96603185,60.20702325
Z0696,19.974595066666666,60.20741246666667
Z0697,19.980508,60.2079215
Z0698,20.220456285714285,60.20798571428571
Z0699,20.227527875,60.208033875
Z0700,20.237923875,60.208033875
Z0701,20.24710669230769,60.2074033076923
Z0702,20.25530365,60.20702325
Z0703,20.26434325,60.20702325
Z0704,20.273383000000003,60.20702325
Z0705,20.28242295,60.20702325
Z0706,20.2914627,60.20702325
Z0707,20.30006625,60.20769691666667
Z0708,20.305958,60.208371
Z0709,19.560008263157894,60.212342
Z0710,19.567857571428572,60.21226323809523
Z0711,19.5737135,60.213311000000004
Z0712,19.597824333333335,60.21316133333334
Z0713,19.604799653846154,60.21182561538462
Z0714,19.613492233333332,60.211514666666666
Z0715,19.622533166666667,60.211514666666666
Z0716,19.631574266666668,60.211514666666666
Z0717,19.64067779310345,60.21159210344828
Z0718,19.649656166666666,60.211514666666666
Z0719,19.656649333333334,60.21190393333334
Z0720,19.668497416666668,60.21301166666667
Z0721,19.676139071428572,60.21286200000001
Z0722,19.70753,60.21376
Z0723,19.712955,60.21376
Z0724,19.724404333333336,60.21316133333334
Z0725,19.731033,60.212862
Z0726,19.7400744,60.212862
Z0727,19.746706333333332,60.21316133333334
Z0728,19.760514999999998,60.211894692307695
Z0729,19.767188933333333,60.211514666666666
Z0730,19.77480531578947,60.21191652631578
Z0731,19.840256416666666,60.21001758333333
Z0732,19.84913384,60.2112452
Z0733,19.85759876666667,60.211514666666666
Z0734,19.8666397,60.211514666666666
Z0735,19.8756808,60.211514666666666
Z0736,19.8847217,60.211514666666666
Z0737,19.89376040909091,60.21131054545455
Z0738,19.902803733333332,60.211514666666666
Z0739,19.9112875,60.21144557692308
Z0740,19.918146999999998,60.209269
Z0741,19.95764708333333,60.211103
Z0742,19.966090566666665,60.211514666666666
Z0743,19.97513156666667,60.211514666666666
Z0744,19.983575375,60.211926375
Z0745,20.202620200000002,60.212383
Z0746,20.21020624,60.21196380000001
Z0747,20.219238033333333,60.211514666666666
Z0748,20.2282791,60.211514666666666
Z0749,20.237319966666668,60.211514666666666
Z0750,20.246361,60.211514666666666
Z0751,20.255680388888887,60.210466777777775
Z0752,20.264770666666667,60.210766190476185
Z0753,20.27347392,60.211065600000005
Z0754,20.282270875000002,60.210279625
Z0755,20.29168879310345,60.21143724137931
Z0756,20.30060693333333,60.211514666666666
Z0757,20.306858090909092,60.211718818181815
Z0758,19.541987181818183,60.21759872727273
Z0759,19.550043181818182,60.21727209090909
Z0760,19.55924964,60.216455399999994
Z0761,19.568292040000003,60.216455399999994
Z0762,19.573717,60.216455399999994
Z0763,19.595912318181817,60.21649622727273
Z0764,19.60446132,60.216455399999994
Z0765,19.613352833333334,60.216380541666666
Z0766,19.62295659090909,60.21625122727273
Z0767,19.631588320000002,60.216455399999994
Z0768,19.640479791666667,60.216380541666666
Z0769,19.649671599999998,60.21600625
Z0770,19.65904181818182,60.215802090909094
Z0771,19.66775772,60.216455399999994
Z0772,19.67680008,60.216455399999994
Z0773,19.683003000000003,60.21696871428571
Z0774,19.705205058823527,60.21671958823529
Z0775,19.712969479999998,60.216455399999994
Z0776,19.72201176,60.216455399999994
Z0777,19.73105416,60.216455399999994
Z0778,19.740096559999998,60.216455399999994
Z0779,19.74793316666667,60.21645538888889
Z0780,19.7603471,60.2158266
Z0781,19.76722356,60.216455399999994
Z0782,19.774987294117647,60.21619117647059
Z0783,19.850807444444442,60.215656888888894
Z0784,19.85764547826087,60.21629917391305
Z0785,19.8664553125,60.2156693125
Z0786,19.8757178,60.215108
Z0787,19.884357444444444,60.21505811111111
Z0788,19.903245000000002,60.21505811111111
Z0789,19.90962275,60.2148835
Z0790,19.968860499999998,60.215894
Z0791,19.97519736,60.216455399999994
Z0792,19.98423984,60.216455399999994
Z0793,19.989677666666665,60.21735366666667
Z0794,20.105438,60.218252
Z0795,20.111674636363635,60.21759872727273
Z0796,20.1177302,60.2178928
Z0797,20.131958666666666,60.21795266666667
Z0798,20.13807870588235,60.21714229411765
Z0799,20.14498625,60.217466
Z0800,20.159695,60.218252
Z0801,20.165121,60.218252
Z0802,20.175158888888888,60.217753
Z0803,20.183607857142857,60.216754809523806
Z0804,20.191789142857143,60.216754809523806
Z0805,20.20166459090909,60.2163329090909
Z0806,20.21029836,60.216455399999994
Z0807,20.219045315789472,60.215982578947376
Z0808,20.227390461538462,60.215557076923076
Z0809,20.2379749375,60.2157255
Z0810,20.245474615384616,60.215557076923076
Z0811,20.293261777777776,60.21535744444444
Z0812,20.30044107142857,60.215492857142856
Z0813,20.306115499999997,60.215108
Z0814,20.719184625,60.217241375
Z0815,20.7258655,60.21653025
Z0816,20.733223000000002,60.21696871428571
Z0817,19.5411654,60.22049775000001
Z0818,19.55020885,60.22049775000001
Z0819,19.5592523,60.22049775000001
Z0820,19.56829575,60.22049775000001
Z0821,19.576024363636364,60.22102854545455
Z0822,19.5871073,60.2213062
Z0823,19.595616631578945,60.22056868421053
Z0824,19.60427905263158,60.22042684210527
Z0825,19.6103465,60.219824
Z0826,19.633404666666667,60.21914999999999
Z0827,19.638830666666667,60.21914999999999
Z0828,19.668525,60.219898916666665
Z0829,19.6768173,60.22049775000001
Z0830,19.685860650000002,60.22049775000001
Z0831,19.69520633333333,60.220647500000005
Z0832,19.704138315789475,60.22056868421053
Z0833,19.71299115,60.22049775000001
Z0834,19.721693875,60.2202170625
Z0835,19.73088715789474,60.22042684210527
Z0836,19.740118733333336,60.22004866666667
Z0837,19.7467485,60.219749166666666
Z0838,19.76038,60.2206774
Z0839,19.76725185,60.22049775000001
Z0840,19.775004357142855,60.22062607142857
Z0841,19.9698135,60.2195995
Z0842,19.97544084210526,60.22042684210527
Z0843,19.98429485,60.22049775000001
Z0844,19.990086400000003,60.2207672
Z0845,20.095848666666665,60.221545666666664
Z0846,20.102051473684213,60.22056868421053
Z0847,20.1109033,60.22049775000001
Z0848,20.11975752631579,60.22056868421053
Z0849,20.130798916666667,60.22049775
Z0850,20.13803365,60.22049775000001
Z0851,20.146440176470588,60.220577
Z0852,20.156656,60.22068270588235
Z0853,20.16516405,60.22049775000001
Z0854,20.1742075,60.22049775000001
Z0855,20.183250949999998,60.22049775000001
Z0856,20.19229445,60.22049775000001
Z0857,20.201021166666667,60.219749166666666
Z0858,20.20995988888889,60.21954955555556
Z0859,20.403947,60.221845
Z0860,20.4099101875,60.2207785
Z0861,20.417419153846154,60.22094692307692
Z0862,20.71878381818182,60.220375272727274
Z0863,20.72585855,60.22049775000001
Z0864,20.733813466666668,60.22040793333334
Z0865,19.5411659,60.2249895
Z0866,19.550210566666667,60.2249895
Z0867,19.559255366666665,60.2249895
Z0868,19.568299866666667,60.2249895
Z0869,19.577344533333335,60.2249895
Z0870,19.586389366666666,60.2249895
Z0871,19.59543396666667,60.2249895
Z0872,19.600861599999998,60.2254386
Z0873,19.67717037037037,60.22477325925926
Z0874,19.685881,60.2249895
Z0875,19.694925766666664,60.2249895
Z0876,19.703711357142858,60.22486117857142
Z0877,19.712603222222224,60.22314311111111
Z0878,19.71843,60.222744
Z0879,19.76004772222222,60.22498950000001
Z0880,19.767283333333335,60.2249895
Z0881,19.775304782608696,60.22489186956522
Z0882,19.850866500000002,60.2260674
Z0883,19.85773464,60.2254386
Z0884,19.86497576923077,60.22592230769231
Z0885,19.97556792857143,60.22486117857142
Z0886,19.98435603333333,60.2249895
Z0887,19.992001555555554,60.225538444444446
Z0888,19.998859,60.227235
Z0889,20.0861425,60.2270105
Z0890,20.0941085,60.225588333333334
Z0891,20.10193716666667,60.2249895
Z0892,20.110855689655175,60.224912068965516
Z0893,20.119250210526317,60.22416215789473
Z0894,20.131453500000003,60.22334266666667
Z0895,20.1380995,60.22409125
Z0896,20.14687957142857,60.22377042857143
Z0897,20.156328793103448,60.224912068965516
Z0898,20.165250099999998,60.2249895
Z0899,20.174168413793105,60.224912068965516
Z0900,20.18309156521739,60.224384173913045
Z0901,20.191600416666667,60.22349233333333
Z0902,20.3749035,60.22667375
Z0903,20.381541818181816,60.2265819090909
Z0904,20.404030000000002,60.2249895
Z0905,20.409457033333336,60.2249895
Z0906,20.4185017,60.2249895
Z0907,20.423904,60.224091
Z0908,20.719921333333332,60.22304333333333
Z0909,20.72622857142857,60.22357785714286
Z0910,20.7328264,60.223103200000004
Z0911,19.5411663,60.22948075000001
Z0912,19.5502123,60.22948075000001
Z0913,19.558224214285712,60.229159928571434
Z0914,19.568705444444443,60.22853255555555
Z0915,19.577540473684213,60.22940984210527
Z0916,19.58609433333333,60.22933105555555
Z0917,19.594687166666667,60.228881916666666
Z0918,19.679569375,60.22948075
Z0919,19.68590135,60.22948075000001
Z0920,19.69475652631579,60.22940984210527
Z0921,19.7018172,60.2284926
Z0922,19.760976499999998,60.2285825
Z0923,19.767311666666668,60.229031666666664
Z0924,19.773943166666665,60.22873216666667
Z0925,19.850537499999998,60.22948075
Z0926,19.8577742,60.22948075000001
Z0927,19.865526499999998,60.229352428571424
Z0928,19.976903615384614,60.229584384615386
Z0929,19.9844173,60.22948075000001
Z0930,19.9934633,60.22948075000001
Z0931,20.002193352941177,60.22971858823529
Z0932,20.00855466666667,60.230528666666665
Z0933,20.076272307692307,60.22972261538462
Z0934,20.0839226,60.22948075000001
Z0935,20.09296865,60.22948075000001
Z0936,20.101287133333336,60.229271133333334
Z0937,20.1083235,60.228133
Z0938,20.158074,60.22813299999999
Z0939,20.165309999999998,60.228133
Z0940,20.172546999999998,60.22813299999999
Z0941,20.373584894736844,60.22955168421053
Z0942,20.38243865,60.22948075000001
Z0943,20.38864642857143,60.229673285714284
Z0944,20.409953222222224,60.22853255555555
Z0945,20.417304142857144,60.22851828571429
Z0946,19.541166866666668,60.2339725
Z0947,19.55021406666667,60.2339725
Z0948,19.555641666666666,60.232625000000006
Z0949,19.5800665,60.231727
Z0950,19.582781,60.231727
Z0951,19.679882000000003,60.23202633333333
Z0952,19.6860291875,60.2327373125
Z0953,19.693353,60.23242544444444
Z0954,19.743838,60.236218
Z0955,19.7492636,60.235769000000005
Z0956,19.75605075,60.2359935
Z0957,19.851768,60.23202633333333
Z0958,19.85780361538462,60.23248684615385
Z0959,19.86383,60.23202633333333
Z0960,19.9688885,60.235207625
Z0961,19.975557137931034,60.234049931034484
Z0962,19.984478566666667,60.2339725
Z0963,19.993525733333335,60.2339725
Z0964,20.002572933333333,60.2339725
Z0965,20.010386631578946,60.23427978947368
Z0966,20.0206938,60.235769000000005
Z0967,20.027034,60.236218
Z0968,20.059606000000002,60.236218
Z0969,20.066540166666666,60.23606833333333
Z0970,20.075074896551726,60.233957
Z0971,20.083997500000002,60.2339725
Z0972,20.092848107142856,60.23381210714285
Z0973,20.09958275,60.232737375
Z0974,20.186028874999998,60.235207625
Z0975,20.192724958333333,60.23449645833333
Z0976,20.199974833333332,60.235095333333334
Z0977,20.3741211,60.233209
Z0978,20.382390083333334,60.23344854166667
Z0979,20.38839425,60.2324005
Z0980,19.5411674,60.238464
Z0981,19.549129999999998,60.238374199999996
Z0982,19.734812,60.239811
Z0983,19.74079975,60.238744624999995
Z0984,19.7492809,60.238464
Z0985,19.757244133333334,60.2385538
Z0986,19.968252666666668,60.238464
Z0987,19.9754914,60.238464
Z0988,19.984005,60.23827911764706
Z0989,19.994348714285714,60.23737357142857
Z0990,20.002370928571427,60.23795085714285
Z0991,20.01221623529412,60.238384764705884
Z0992,20.02073355,60.238464
Z0993,20.029252470588236,60.23864888235295
Z0994,20.035231,60.239811
Z0995,20.0501585,60.2395865
Z0996,20.057231166666668,60.238613666666666
Z0997,20.0659756,60.238464
Z0998,20.07502405,60.238464
Z0999,20.08407245,60.238464
Z1000,20.091311166666667,60.238464
Z1001,20.185414666666667,60.238464
Z1002,20.19265345,60.238464
Z1003,20.2006142,60.238374199999996
Z1004,20.338131625,60.23947425
Z1005,20.345822875,60.23947425
Z1006,20.35465375,60.239811
Z1007,20.366198333333333,60.23911255555556
Z1008,20.37362185,60.238464
Z1009,20.38027633333333,60.239212333333334
Z1010,19.5411678,60.241608
Z1011,19.547803833333333,60.24130866666667
Z1012,19.7348305,60.2429555
Z1013,19.74026033333333,60.2429555
Z1014,19.749310033333334,60.2429555
Z1015,19.756802,60.241993071428574
Z1016,19.877317142857144,60.24481614285714
Z1017,19.883567333333332,60.24490166666667
Z1018,19.9596482,60.2448418
Z1019,19.96707675,60.243685375
Z1020,19.975310125,60.2418325625
Z1021,19.9821655,60.24130866666667
Z1022,20.013546615384616,60.24202269230769
Z1023,20.020799766666666,60.2429555
Z1024,20.0298494,60.2429555
Z1025,20.03838314285714,60.243019714285715
Z1026,20.04807496551724,60.243032931034485
Z1027,20.0569984,60.2429555
Z1028,20.066048000000002,60.2429555
Z1029,20.07490114285714,60.24279510714286
Z1030,20.0845762,60.24261416
Z1031,20.09319706666667,60.2429555
Z1032,20.100981294117645,60.24366882352941
Z1033,20.18667166666667,60.24100933333333
Z1034,20.1927162,60.241608
Z1035,20.202281133333333,60.243225
Z1036,20.21086105,60.24385375000001
Z1037,20.217028,60.244482600000005
Z1038,20.3321188,60.2434046
Z1039,20.337538,60.2429555
Z1040,20.3465875,60.2429555
Z1041,20.355637066666667,60.2429555
Z1042,20.3648135862069,60.243032931034485
Z1043,20.373736533333332,60.2429555
Z1044,20.3819605,60.24310520833333
Z1045,19.740684666666667,60.246499111111106
Z1046,19.748039714285714,60.24648485714285
Z1047,19.870626,60.24789633333333
Z1048,19.876051699999998,60.24744724999999
Z1049,19.884912736842104,60.24751815789474
Z1050,19.903855857142855,60.24789635714286
Z1051,19.911285692307693,60.24789638461539
Z1052,19.958597066666666,60.24753706666666
Z1053,19.9665607,60.24744724999999
Z1054,19.973638363636365,60.247569727272726
Z1055,20.022358999999998,60.24639933333333
Z1056,20.02839283333333,60.24639933333333
Z1057,20.048548411764706,60.247262294117654
Z1058,20.056877947368424,60.24737631578947
Z1059,20.063932599999998,60.246459200000004
Z1060,20.086391499999998,60.2472676
Z1061,20.0932732,60.24744724999999
Z1062,20.101236466666666,60.24735739999999
Z1063,20.2027891875,60.24744725
Z1064,20.2109349,60.24744724999999
Z1065,20.218008545454545,60.24732472727272
Z1066,20.332184,60.2461
Z1067,20.3382064375,60.2471665
Z1068,20.346791894736842,60.24737631578947
Z1069,20.3557493,60.24744724999999
Z1070,20.364989,60.24737631578947
Z1071,20.3738512,60.24744724999999
Z1072,20.381605642857146,60.247318928571424
Z1073,19.7337605,60.25317375
Z1074,19.740470041666665,60.252462666666666
Z1075,19.747715833333334,60.2530615
Z1076,19.870653,60.25059133333334
Z1077,19.87643111111111,60.25172244444445
Z1078,19.884542416666665,60.251527
Z1079,19.8978182,60.2514896
Z1080,19.90325453333333,60.25193866666667
Z1081,19.9123067,60.25193866666667
Z1082,19.920222947368423,60.25257689473684
Z1083,19.942495166666664,60.25313633333334
Z1084,19.948711178571426,60.252099071428574
Z1085,19.957567400000002,60.25193866666667
Z1086,19.966619433333335,60.25193866666667
Z1087,19.9729477,60.2513099
Z1088,20.08788,60.249693
Z1089,20.093319,60.250142000000004
Z1090,20.099351000000002,60.24999233333333
Z1091,20.12156207142857,60.25315771428571
Z1092,20.129385000000003,60.25290789473685
Z1093,20.135022,60.253735000000006
Z1094,20.176673,60.254184
Z1095,20.185198285714286,60.253670857142865
Z1096,20.193052176470587,60.25307470588236
Z1097,20.201969599999998,60.25166913333333
Z1098,20.210704055555553,60.25089077777778
Z1099,20.217021666666668,60.24999233333333
Z1100,20.350375,60.249693
Z1101,20.353995,60.249693
Z1102,20.3669135,60.250479
Z1103,20.37375047368421,60.25096957894738
Z1104,20.380256000000003,60.250142
Z1105,19.733232214285714,60.256751071428575
Z1106,19.74034656,60.256879399999995
Z1107,19.748585249999998,60.2568794
Z1108,19.754844,60.258676
Z1109,19.904810166666667,60.25613083333334
Z1110,19.9123632,60.256879399999995
Z1111,19.92141668,60.256879399999995
Z1112,19.93068811111111,60.258276888888886
Z1113,19.9402088125,60.25738475
Z1114,19.94857728,60.256879399999995
Z1115,19.95763076,60.256879399999995
Z1116,19.96644604347826,60.256723173913045
Z1117,19.972098000000003,60.255532
Z1118,20.120743416666667,60.25680454166667
Z1119,20.12964732,60.256879399999995
Z1120,20.135880555555556,60.25667977777778
Z1121,20.1695,60.25777766666667
Z1122,20.17506725,60.25695425
Z1123,20.1839684,60.256879399999995
Z1124,20.19302192,60.256879399999995
Z1125,20.201025210526314,60.256784842105255
Z1126,20.3659018,60.257598
Z1127,20.373914789473684,60.25739942105264
Z1128,20.3795585,60.258227000000005
Z1129,19.734931,60.259574
Z1130,19.740696636363637,60.26022763636363
Z1131,19.7494262,60.26092175
Z1132,19.75794958823529,60.261106705882355
Z1133,19.763923,60.262269
Z1134,19.906972,60.260472666666665
Z1135,19.91240955,60.26092175
Z1136,19.92146405,60.26092175
Z1137,19.9305187,60.26092175
Z1138,19.9395735,60.26092175
Z1139,19.947821333333334,60.26077188888889
Z1140,19.957287222222224,60.26147055555556
Z1141,19.963133,60.262269
Z1142,20.051263666666667,60.261969666666666
Z1143,20.057475315789475,60.26099268421053
Z1144,20.06469772727273,60.261289272727275
Z1145,20.122236625,60.260135749999996
Z1146,20.128884727272727,60.26022763636363
Z1147,20.1412035,60.261670333333335
Z1148,20.1478297,60.26092175
Z1149,20.15485775,60.26148325
Z1150,20.169552333333332,60.260472666666665
Z1151,20.1749936,60.26092175
Z1152,20.183856157894738,60.26085084210526
Z1153,20.193094,60.260472666666665
Z1154,20.199727666666664,60.26017316666667
Z1155,20.365140750000002,60.26092175
Z1156,20.37400305263158,60.26085084210526
Z1157,20.3805406,60.2611912
Z1158,19.74401625,60.26451525
Z1159,19.749455366666666,60.2654135
Z1160,19.75838572413793,60.265336068965524
Z1161,19.763935333333333,60.26406599999999
Z1162,19.8798785,60.267210000000006
Z1163,19.88564492307692,60.26572442307692
Z1164,19.894016148148147,60.26562974074074
Z1165,19.899798,60.266761
Z1166,19.913733142857144,60.26355285714286
Z1167,19.9225988,60.265009299999996
Z1168,19.930572666666666,60.2654135
Z1169,19.939368214285714,60.26528517857143
Z1170,19.94976995,60.265323650000006
Z1171,19.95774026666667,60.2654135
Z1172,19.965441900000002,60.2657279
Z1173,20.051094727272726,60.265209363636366
Z1174,20.0573548,60.2654135
Z1175,20.065855615384617,60.265551692307696
Z1176,20.140772823529414,60.26528141176471
Z1177,20.1479135,60.2654135
Z1178,20.155440263157892,60.265200736842104
Z1179,20.176338285714284,60.26355285714286
Z1180,20.182589500000002,60.26346733333333
Z1181,20.365609733333333,60.265144
Z1182,20.372499100000002,60.2654135
Z1183,20.381299428571428,60.26554182142858
Z1184,20.390231461538463,60.266899153846154
Z1185,20.396103,60.267659
Z1186,19.751287,60.26855700000001
Z1187,19.756721,60.26855700000001
Z1188,19.8798975,60.2690065
Z1189,19.88534095,60.26990475
Z1190,19.89439815,60.26990475
Z1191,19.899827333333334,60.269455666666666
Z1192,19.924588500000002,60.26990466666666
Z1193,19.9306266,60.26990475
Z1194,19.9396837,60.26990475
Z1195,19.9494688,60.2701742
Z1196,19.95779795,60.26990475
Z1197,19.964636555555558,60.26955544444445
Z1198,20.051992,60.269904749999995
Z1199,20.05742615,60.26990475
Z1200,20.0664833,60.26990475
Z1201,20.07191775,60.269904749999995
Z1202,20.142538,60.268557
Z1203,20.1479805,60.2690065
Z1204,20.153406,60.268557
Z1205,20.232552666666667,60.270952666666666
Z1206,20.238578,60.270354
Z1207,20.24559975,60.27046625
Z1208,20.367145,60.268557
Z1209,20.372859428571427,60.2693915
Z1210,20.38167075,60.26990475
Z1211,20.3907278,60.26990475
Z1212,20.39694342857143,60.27009728571428
Z1213,19.886877666666667,60.27245033333333
Z1214,19.892916333333332,60.27245033333333
Z1215,19.925229666666667,60.27304899999999
Z1216,19.930825333333335,60.27387254166666
Z1217,19.939738933333334,60.2743965
Z1218,19.948797333333335,60.2743965
Z1219,19.956781333333332,60.2753846
Z1220,19.96332,60.276642
Z1221,20.0520668,60.274666
Z1222,20.0574975,60.2743965
Z1223,20.0665559,60.2743965
Z1224,20.07200575,60.27529475
Z1225,20.097393,60.276642
Z1226,20.10323307692308,60.275882153846155
Z1227,20.110292,60.276080750000006
Z1228,20.231671285714288,60.274139857142856
Z1229,20.238226379310344,60.274350034482765
Z1230,20.24634724,60.274450400000006
Z1231,20.382340538461538,60.274258307692314
Z1232,20.390845000000002,60.2743965
Z1233,20.397988647058824,60.27452858823529
Z1234,19.940825785714285,60.27856728571429
Z1235,19.948853800000002,60.278887999999995
Z1236,19.957913400000002,60.278887999999995
Z1237,19.964998,60.27901045454546
Z1238,20.052135333333336,60.27903766666666
Z1239,20.0575689,60.278887999999995
Z1240,20.06662845,60.278887999999995
Z1241,20.07206425,60.278887999999995
Z1242,20.096657857142855,60.279080428571426
Z1243,20.102866900000002,60.278887999999995
Z1244,20.111926500000003,60.278887999999995
Z1245,20.117386,60.280235
Z1246,20.2376562,60.2780798
Z1247,20.24469357142857,60.277925857142854
Z1248,20.3839265,60.27832675
Z1249,20.39076952631579,60.27881710526316
Z1250,20.397106200000003,60.2782594
Z1251,19.943451500000002,60.281583
Z1252,19.949332238095238,60.282630952380956
Z1253,19.95797106666667,60.2833795
Z1254,19.964906833333334,60.28255608333333
Z1255,20.057765172413795,60.283364
Z1256,20.0667012,60.2833795
Z1257,20.07274911111111,60.283828666666665
Z1258,20.09702825,60.2818075
Z1259,20.103086583333333,60.28285554166666
Z1260,20.111582136363637,60.282726227272725
Z1261,20.784406,60.285625
Z1262,20.7883788,60.285265800000005
Z1263,20.057902210526315,60.28784763157894
Z1264,20.0667739,60.28787125
Z1265,20.07311725,60.28787125
Z1266,20.781909285714285,60.28806371428571
Z1267,20.7872098125,60.28787125
Z1268,19.96021191666667,60.29318608333333
Z1269,19.967152,60.29252307142857
Z1270,19.974109583333334,60.29318608333333
Z1271,20.00552975,60.29318608333333
Z1272,20.0124666,60.29236266666667
Z1273,20.020128222222223,60.29291161111111
Z1274,20.0582854,60.29202136
Z1275,20.0668466,60.29236266666667
Z1276,20.0729515,60.29157675
Z1277,20.782019555555554,60.29171399999999
Z1278,20.787128045454548,60.292199363636364
Z1279,19.959839199999998,60.29706386666667
Z1280,19.96721496,60.297303400000004
Z1281,19.974466933333336,60.297303400000004
Z1282,20.0056403,60.2966746
Z1283,20.012538239999998,60.297303400000004
Z1284,20.020146466666667,60.2968842
Z1285,20.065085,60.29550700000001
Z1286,19.943708,60.302244
Z1287,19.949459411764707,60.301583588235296
Z1288,19.958506333333332,60.3014955
Z1289,19.96726795,60.301345749999996
Z1290,19.975040642857145,60.30147407142857
Z1291,20.0134845,60.299998
Z1292,19.942926,60.30563336363637
Z1293,19.949192966666665,60.3058375
Z1294,19.958259966666667,60.3058375
Z1295,19.967327133333335,60.3058375
Z1296,19.975979384615382,60.306113884615385
Z1297,19.98491075,60.3070165
Z1298,20.0493228,60.3077238
Z1299,20.05581077777778,60.30768388888888
Z1300,20.185573833333333,60.30748433333333
Z1301,20.19220835,60.306735749999994
Z1302,20.199247,60.30729725
Z1303,19.93414866666667,60.31137666666666
Z1304,19.9406696,60.31071806666667
Z1305,19.948728214285715,60.31007207142857
Z1306,19.958995125,60.3101041875
Z1307,19.96738615,60.31032875
Z1308,19.9764545,60.31032875
Z1309,19.985522850000002,60.31032875
Z1310,19.998231,60.311227
Z1311,20.003963777777777,60.310478499999995
Z1312,20.011696142857144,60.31064957142858
Z1313,20.047379421052632,60.31039968421053
Z1314,20.0562557,60.31032875
Z1315,20.062306,60.31062816666667
Z1316,20.185025749999998,60.31032875
Z1317,20.1922804,60.31032875
Z1318,20.2004419375,60.31032875
Z1319,19.933089176470588,60.31495258823529
Z1320,19.9402365,60.314820499999996
Z1321,19.948151818181817,60.314820499999996
Z1322,19.9610675,60.312575
Z1323,19.9674217,60.313024000000006
Z1324,19.9770659375,60.3136415
Z1325,19.98567761111111,60.31427155555556
Z1326,19.995007076923077,60.31513142307692
Z1327,20.003723633333333,60.314820499999996
Z1328,20.01238796296296,60.31467077777778
Z1329,20.01903985714286,60.31668114285714
Z1330,20.029549333333332,60.31666688888889
Z1331,20.038897375,60.316729249999995
Z1332,20.04738275862069,60.314836
Z1333,20.05597319230769,60.31450957692308
Z1334,20.06247,60.3132934
Z1335,20.18568683333333,60.31317366666667
Z1336,20.192352399999997,60.31392225
Z1337,20.199369875,60.31336075
Z1338,20.368377,60.317066
Z1339,20.372912,60.317066
Z1340,19.916724,60.320659
Z1341,19.922575846153848,60.31989915384615
Z1342,19.930945,60.319553769230765
Z1343,19.940286399999998,60.318863
Z1344,19.946934666666667,60.31856366666667
Z1345,19.988367375,60.319312
Z1346,19.99431227777778,60.31921222222223
Z1347,20.002378,60.31941177777777
Z1348,20.0110444,60.319312000000004
Z1349,20.020115150000002,60.319312000000004
Z1350,20.02918595,60.319312000000004
Z1351,20.03825675,60.319312000000004
Z1352,20.0473276,60.319312000000004
Z1353,20.0533795,60.319611333333334
Z1354,20.36620769230769,60.319553769230765
Z1355,20.3738767,60.319312000000004
Z1356,20.380461875,60.31964875
Z1357,19.852669666666667,60.32574966666667
Z1358,19.858563166666666,60.3253755
Z1359,19.864766666666668,60.32574966666667
Z1360,19.91615811111111,60.324053
Z1361,19.9222033,60.323803500000004
Z1362,19.9312754,60.323803500000004
Z1363,19.989305,60.321558
Z1364,19.9941,60.322374363636364
Z1365,20.00252727777778,60.32280538888889
Z1366,20.01130748148148,60.323554
Z1367,20.0201815,60.323803500000004
Z1368,20.0292535,60.323803500000004
Z1369,20.038318760000003,60.3233544
Z1370,20.04723829166667,60.323279541666665
Z1371,20.05326975,60.3222315
Z1372,20.366122333333333,60.32352547619048
Z1373,20.3739918,60.323803500000004
Z1374,20.380732454545456,60.32294609090909
Z1375,19.850639466666667,60.32850486666666
Z1376,19.85874305,60.32829525
Z1377,19.866001833333332,60.32829525
Z1378,19.914997500000002,60.32829525
Z1379,19.922256299999997,60.32829525
Z1380,19.93042225,60.32829525
Z1381,20.01932075,60.326948
Z1382,20.373165,60.326948
Z1383,19.842846142857145,60.33323578571429
Z1384,19.849712733333334,60.33278666666667
Z1385,19.85866144827586,60.33270924137931
Z1386,19.865672999999997,60.3317088
Z1387,19.878775,60.33503199999999
Z1388,19.88422,60.33503199999999
Z1389,19.915409399999998,60.3325172
Z1390,19.922309199999997,60.33278666666667
Z1391,19.93125948275862,60.33286410344827
Z1392,19.8435782,60.3366494
Z1393,19.84984018181818,60.3374824090909
Z1394,19.85743284615385,60.33703638461539
Z1395,19.871551333333333,60.338625666666665
Z1396,19.87698776,60.337727400000006
Z1397,19.885913249999998,60.33780225
Z1398,19.891519,60.338625666666665
Z1399,19.91692175,60.3377275
Z1400,19.9223674,60.337727400000006
Z1401,19.931292541666668,60.33776483333333
Z1402,19.936911,60.339524
Z1403,19.8715745,60.3408715
Z1404,19.87702975,60.341769750000005
Z1405,19.885915,60.34169884210526
Z1406,19.891543,60.3408715
Z1407,19.916969,60.34176975
Z1408,19.92241515,60.341769750000005
Z1409,19.9305844375,60.34176975
Z1410,19.936577399999997,60.3419494
Z1411,19.842294499999998,60.34820766666667
Z1412,19.84759125,60.348282499999996
Z1413,19.879325,60.344240500000005
Z1414,19.884315333333333,60.344016
Z1415,19.921925764705883,60.34554817647059
Z1416,19.929604586206896,60.34618406896552
Z1417,19.936487545454547,60.34540409090909
Z1418,19.835361333333335,60.351202
Z1419,19.84080515,60.350752750000005
Z1420,19.849694315789474,60.350823684210525
Z1421,19.83539,60.35434625
Z1422,19.840846833333334,60.355244500000005
Z1423,19.849589296296294,60.355028259259264
Z1424,19.855354,60.352999
Z1425,19.921368208333334,60.35565620833333
Z1426,19.929505037037035,60.35546074074074
Z1427,19.935304,60.356592
Z1428,19.834662714285713,60.35992842857143
Z1429,19.8408886,60.359736
Z1430,19.849568055555554,60.359835777777775
Z1431,19.915346,60.358389
Z1432,19.9208108,60.359736
Z1433,19.929892849999998,60.359736
Z1434,19.935337,60.359287
Z1435,19.797140999999996,60.365774555555554
Z1436,19.804349357142858,60.36563914285715
Z1437,19.810066,60.366473
Z1438,19.834864,60.363029833333336
Z1439,19.841123642857145,60.36406710714285
Z1440,19.849265454545453,60.36369672727273
Z1441,19.897272,60.366473
Z1442,19.903852625,60.366023999999996
Z1443,19.911937583333334,60.36475145833333
Z1444,19.9208636,60.3642275
Z1445,19.928448181818183,60.363206818181816
Z1446,19.79554945,60.368719250000005
Z1447,19.804634049999997,60.368719250000005
Z1448,19.810865142857146,60.368911714285716
Z1449,19.8437105,60.370067
Z1450,19.8491615,60.370067
Z1451,19.886768999999997,60.3697074
Z1452,19.893967166666666,60.36886894444444
Z1453,19.90274705,60.368719250000005
Z1454,19.911831799999998,60.368719250000005
Z1455,19.9209164,60.368719250000005
Z1456,19.92636166666667,60.36827
Z1457,19.796284111111113,60.37226255555556
Z1458,19.804232,60.372462190476185
Z1459,19.8101075,60.371414
Z1460,19.841274857142857,60.373339
Z1461,19.850099833333335,60.373210666666665
Z1462,19.8583728,60.37370475
Z1463,19.866572705882355,60.37434670588236
Z1464,19.875549499999998,60.374109
Z1465,19.88496477777778,60.373426925925926
Z1466,19.893711800000002,60.373210666666665
Z1467,19.902797566666667,60.373210666666665
Z1468,19.911443470588235,60.37212752941177
Z1469,19.9202223,60.37150389999999
Z1470,19.841451,60.37675411111112
Z1471,19.8501343,60.37680400000001
Z1472,19.8583125,60.376804
Z1473,19.8664906,60.37680400000001
Z1474,19.8755774,60.37680400000001
Z1475,19.8846642,60.37680400000001
Z1476,19.8937511,60.37680400000001
Z1477,19.90056375,60.3765795
